"","X485RD_Date","FP_Date","AP_EAD_Date","X485AD_Date","Center","Type","State","Days_RDtoFP","Days_FPtoEAD","Days_EADto485AD","Days_RDto485AD","Year","Month"
"22",2015-09-28,2015-11-03,NA,2015-12-11,"NSC","eb1a","CA",36,NA,NA,74,2015,0
"29",2015-09-21,2015-10-13,2015-10-26,2015-11-05,"NSC","eb1a","CA",22,13,10,45,2015,0
"32",2015-09-18,2015-10-30,NA,2015-11-20,"NSC","eb1b","CO",42,NA,NA,63,2015,0
"33",2015-09-16,2015-10-20,2015-11-20,2015-11-24,"NSC","eb1a","OH",34,31,4,69,2015,0
"34",2015-09-16,2015-10-09,NA,2015-11-10,"NSC","eb1b","NY",23,NA,NA,55,2015,0
"35",2015-09-07,2015-10-23,2015-11-17,2015-11-17,"NSC","eb1b","CA",46,25,0,71,2015,0
"36",2015-09-04,2015-10-19,2015-11-19,2015-12-02,"NSC","eb1a","CA",45,31,13,89,2015,0
"38",2015-08-24,2015-09-30,NA,2015-10-26,"NSC","eb1a","NY",37,NA,NA,63,2015,0
"39",2015-08-21,2015-09-28,2015-10-14,2015-11-24,"NSC","eb1b","CA",38,16,41,95,2015,0
"40",2015-08-20,2015-09-21,NA,2015-10-16,"NSC","eb1a","CA",32,NA,NA,57,2015,0
"43",2015-08-11,2015-09-14,2015-10-07,2015-10-22,"NSC","eb1a","CA",34,23,15,72,2015,0
"46",2015-08-10,2015-09-26,NA,2015-10-22,"NSC","eb1a","OH",47,NA,NA,73,2015,0
"52",2015-07-24,2015-08-18,2015-09-25,2015-11-20,"TSC","eb1b","CA",25,38,56,119,2015,0
"53",2015-07-20,2015-08-25,NA,2015-10-26,"NSC","eb1a","CA",36,NA,NA,98,2015,0
"57",2015-07-07,2015-08-10,2015-09-30,2015-11-10,"NSC","eb1a","MI",34,51,41,126,2015,0
"58",2015-07-01,2015-08-10,2015-09-18,2015-10-21,"NSC","eb1a","AZ",40,39,33,112,2015,0
"60",2015-07-01,2015-08-18,2015-09-21,2015-10-21,"NSC","eb1a","IL",48,34,30,112,2015,0
"67",2015-06-23,2015-08-10,2015-09-21,2015-10-21,"NSC","eb1b","CA",48,42,30,120,2015,0
"68",2015-06-23,2015-07-31,NA,2015-09-23,"NSC","eb1b","IL",38,NA,NA,92,2015,0
"84",2015-05-27,2015-07-15,2015-08-05,2015-10-21,"NSC","eb1a","IN",49,21,77,147,2015,0
"102",2015-05-08,2015-06-30,2015-07-13,2015-10-01,"NSC","eb1a","CA",53,13,80,146,2015,0
"116",2015-04-30,2015-06-02,2015-07-09,2015-12-10,"NSC","eb1b","CA",33,37,154,224,2015,0
"139",2015-04-02,2015-05-18,2015-06-10,2015-12-01,"NSC","eb1a","SC",46,23,174,243,2015,0
"143",2015-03-26,2015-05-11,2015-05-28,2015-12-08,"NSC","eb1a","NE",46,17,194,257,2015,0
"222",2015-01-06,2015-02-18,2015-04-06,2015-10-16,"NSC","eb1a","CA",43,47,193,283,2015,0
"835",2015-10-23,2015-11-16,NA,2015-12-07,"tsc","eb1a",NA,24,NA,NA,45,2015,0
"858",2015-07-28,2015-08-21,2015-10-21,2015-12-03,"TSC","eb1a","TX",24,61,43,128,2015,0
"861",2015-07-24,2015-08-10,NA,2015-10-01,"TSC","eb1a","TX",17,NA,NA,69,2015,0
"874",2015-07-07,2015-08-04,2015-10-03,2015-12-03,"TSC","eb1a","TX",28,60,61,149,2015,0
"878",2015-07-06,2015-07-17,2015-09-04,2015-10-07,"TSC","eb1a","VA",11,49,33,93,2015,0
"880",2015-07-02,2015-07-24,2015-09-24,2015-10-29,"TSC","eb1a","PA",22,62,35,119,2015,0
"886",2015-06-24,2015-07-23,2015-09-21,2015-10-16,"TSC","eb1b","TN",29,60,25,114,2015,0
"895",2015-06-09,2015-06-26,NA,2015-10-01,"TSC","eb1b","AR",17,NA,NA,114,2015,0
"898",2015-06-01,2015-06-24,2015-08-18,2015-10-07,"TSC","eb1a","TX",23,55,50,128,2015,0
"899",2015-05-29,2015-06-26,2015-10-03,2015-10-22,"TSC","eb1b","KY",28,99,19,146,2015,0
"906",2015-05-19,2015-06-24,2015-08-10,2015-08-10,"TSC","eb1b","MA",36,47,0,83,2015,0
"908",2015-05-18,2015-06-18,NA,2015-08-14,"TSC","eb1b","LA",31,NA,NA,88,2015,0
"909",2015-05-18,2015-06-08,NA,2015-08-06,"TSC","eb1a",NA,21,NA,NA,80,2015,0
"910",2015-05-18,2015-06-11,NA,2015-06-29,"TSC","eb1a","NH",24,NA,NA,42,2015,0
"911",2015-05-18,2015-06-11,NA,2015-06-29,"TSC","eb1a","MA",24,NA,NA,42,2015,0
"912",2015-05-13,2015-06-05,NA,2015-07-22,"TSC","eb1b","MA",23,NA,NA,70,2015,0
"915",2015-05-08,2015-06-05,2015-07-27,2015-10-28,"TSC","eb1a","NC",28,52,93,173,2015,0
"917",2015-05-07,2015-06-02,NA,2015-07-17,"TSC","eb1a","SC",26,NA,NA,71,2015,0
"919",2015-05-06,2015-06-04,NA,2015-07-13,"TSC","eb1a","PA",29,NA,NA,68,2015,0
"920",2015-05-05,2015-06-03,2015-07-14,2015-07-25,"TSC","eb1a","MD",29,41,11,81,2015,0
"921",2015-05-04,2015-06-05,NA,2015-06-13,"TSC",NA,NA,32,NA,NA,40,2015,0
"925",2015-04-29,2015-05-20,2015-06-15,2015-06-16,"TSC","eb1a","MD",21,26,1,48,2015,0
"926",2015-04-28,2015-05-20,2015-06-11,2015-06-12,"TSC","eb1a",NA,22,22,1,45,2015,0
"927",2015-04-28,2015-05-20,NA,2015-06-12,"TSC","eb1a",NA,22,NA,NA,45,2015,0
"928",2015-04-28,2015-05-19,2015-06-11,2015-07-28,"TSC","eb1a",NA,21,23,47,91,2015,0
"929",2015-04-28,2015-05-19,2015-07-14,2015-11-04,"TSC","eb1a",NA,21,56,113,190,2015,0
"932",2015-04-22,2015-05-12,NA,2015-06-02,"TSC","eb1b",NA,20,NA,NA,41,2015,0
"934",2015-04-22,2015-05-21,2015-06-25,2015-07-24,"TSC","eb1b","MA",29,35,29,93,2015,0
"935",2015-04-21,2015-05-14,NA,2015-06-24,"TSC","eb1b","TX",23,NA,NA,64,2015,0
"937",2015-04-21,2015-05-21,NA,2015-06-19,"TSC","eb1a","MD",30,NA,NA,59,2015,0
"938",2015-04-21,2015-05-20,2015-07-15,2015-10-30,"TSC","eb1a","TX",29,56,107,192,2015,0
"939",2015-04-20,2015-05-13,2015-05-20,2015-06-13,"TSC","eb1b","PA",23,7,24,54,2015,0
"942",2015-04-16,2015-05-11,NA,2015-06-30,"TSC","eb1b",NA,25,NA,NA,75,2015,0
"943",2015-04-16,2015-05-15,NA,2015-06-09,"TSC","eb1a","NY",29,NA,NA,54,2015,0
"949",2015-04-08,2015-04-27,2015-05-16,2015-05-16,"TSC","eb1b","AR",19,19,0,38,2015,0
"955",2015-04-03,2015-04-21,2015-05-11,2015-05-22,"TSC","eb1b","PA",18,20,11,49,2015,0
"958",2015-04-01,2015-04-28,2015-05-13,2015-05-21," TSC","eb1a","MA",27,15,8,50,2015,0
"959",2015-04-01,2015-05-01,2015-05-13,2015-05-22,"TSC","eb1a","PA",30,12,9,51,2015,0
"960",2015-03-30,2015-04-30,2015-05-19,2015-05-29,"TSC","eb1a",NA,31,19,10,60,2015,0
"961",2015-03-30,2015-04-27,2015-05-15,2015-05-20,"TSC","eb1a","MD",28,18,5,51,2015,0
"963",2015-03-26,2015-04-13,NA,2015-06-12,"TSC","eb1b",NA,18,NA,NA,78,2015,0
"964",2015-03-25,2015-04-22,2015-05-11,2015-06-26,"TSC","eb1b",NA,28,19,46,93,2015,0
"965",2015-03-25,2015-04-23,2015-05-06,2015-05-22,"TSC","eb1a","PA",29,13,16,58,2015,0
"966",2015-03-25,2015-04-20,2015-05-06,2015-05-09,"TSC","eb1a","TN",26,16,3,45,2015,0
"968",2015-03-20,2015-04-13,NA,2015-05-06,"TSC","eb1a","TX",24,NA,NA,47,2015,0
"969",2015-03-20,2015-04-03,NA,2015-05-08,"TSC","eb1a","MD",14,NA,NA,49,2015,0
"974",2015-03-11,2015-04-07,2015-05-07,2015-05-11,"TSC","eb1a",NA,27,30,4,61,2015,0
"976",2015-03-09,2015-04-15,2015-04-21,2015-05-15,"TSC
","eb1b","MA",37,6,24,67,2015,0
"978",2015-03-04,2015-03-27,2015-05-05,2015-05-15,"TSC","eb1b",NA,23,39,10,72,2015,0
"981",2015-03-03,2015-04-10,2015-04-30,2015-05-09,"TSC",NA,"MA",38,20,9,67,2015,0
"983",2015-03-03,2015-03-30,2015-05-11,2015-08-10,"TSC","eb1a","CT",27,42,91,160,2015,0
"985",2015-02-26,2015-03-17,NA,2015-05-09,"TSC","eb1b","MD",19,NA,NA,72,2015,0
"986",2015-02-26,2015-03-30,2015-04-27,2015-05-14,"TSC","eb1a","TX",32,28,17,77,2015,0
"988",2015-02-23,2015-03-23,2015-04-24,2015-04-22,"TSC","eb1a","VA",28,32,-2,58,2015,0
"989",2015-02-20,2015-03-18,2015-05-01,2015-05-01,"TSC","eb1a","MA",26,44,0,70,2015,0
"990",2015-02-17,2015-03-16,2015-05-06,2015-11-10,"TSC","eb1a","TX",27,51,188,266,2015,0
"993",2015-02-10,2015-03-18,2015-04-29,2015-05-13,"TSC","eb1b","MD",36,42,14,92,2015,0
"994",2015-02-10,2015-03-20,2015-04-20,2015-06-12,"TSC","eb1b","NJ",38,31,53,122,2015,0
"995",2015-02-09,2015-03-12,2015-04-11,2015-04-17,"TSC","eb1a","MD",31,30,6,67,2015,0
"998",2015-02-09,2015-03-10,2015-04-16,2015-04-16,"TSC","eb1a","TX",29,37,0,66,2015,0
"1000",2015-02-02,2015-03-11,2015-04-16,2015-10-09,"TSC","eb1b","MD",37,36,176,249,2015,0
"1001",2015-02-02,2015-02-25,2015-04-03,2015-04-20,"TSC","eb1a","MA",23,37,17,77,2015,0
"1005",2015-01-27,2015-02-27,2015-04-03,2015-04-12,"TSC","eb1a",NA,31,35,9,75,2015,0
"1006",2015-01-26,2015-02-24,2015-03-24,2015-04-10,"TSC","eb1a",NA,29,28,17,74,2015,0
"1007",2015-01-23,2015-02-18,2015-03-24,2015-12-02,"TSC","eb1a","VA",26,34,253,313,2015,0
"1008",2015-01-23,2015-02-17,NA,2015-03-20,"TSC","eb1a",NA,25,NA,NA,56,2015,0
"1009",2015-01-20,2015-02-17,2015-03-19,2015-07-08,"TSC","eb1a","FL",28,30,111,169,2015,0
"1011",2015-01-12,2015-02-02,2015-03-19,2015-05-19,"TSC","eb1a","NY",21,45,61,127,2015,0
"1012",2015-01-09,2015-02-06,2015-03-27,2015-06-11,"TSC","eb1b","TX",28,49,76,153,2015,0
"1014",2015-01-08,2015-01-27,2015-03-27,2015-06-03,"TSC","eb1a","PA",19,59,68,146,2015,0
"1016",2015-01-08,2015-01-30,2015-03-23,2015-07-24,"TSC","eb1a","LA",22,52,123,197,2015,0
"1017",2015-01-02,2015-01-26,2015-03-26,2015-06-23,"TSC","eb1a","MA",24,59,89,172,2015,0
"1020",2014-12-24,2015-01-15,2015-03-09,2015-05-07,"TSC","eb1b","NY",22,53,59,134,2014,0
"1021",2014-12-24,2015-01-21,2015-03-03,2015-04-28,"TSC","eb1b",NA,28,41,56,125,2014,0
"1024",2014-12-23,2015-01-20,2015-03-06,2015-06-09,"TSC","eb1a",NA,28,45,95,168,2014,0
"1027",2014-12-17,2015-01-08,2015-04-08,2015-08-07,"TSC","eb1a",NA,22,90,121,233,2014,0
"1028",2014-12-15,NA,2015-02-25,2015-05-27,"TSC","eb1a","NC",NA,NA,91,163,2014,0
"1031",2014-12-08,2015-01-05,2015-02-13,2015-06-29,"TSC","eb1a","RI",28,39,136,203,2014,0
"1032",2014-12-08,2014-12-30,2015-02-06,2015-05-04,"TSC","eb1a",NA,22,38,87,147,2014,0
"1033",2014-12-08,2014-12-30,2015-02-17,2015-06-03,"TSC","eb1a","MD",22,49,106,177,2014,0
"1034",2014-12-04,2015-01-06,2015-02-19,2015-06-11,"TSC","eb1a","MD",33,44,112,189,2014,0
"1035",2014-12-04,NA,2015-02-17,2015-06-03,"TSC
","eb1a","KY",NA,NA,106,181,2014,0
"1036",2014-12-02,2014-12-22,2015-03-02,2015-05-08,"TSC","eb1a","GA",20,70,67,157,2014,0
"1037",2014-12-02,2014-12-22,2015-02-12,2015-05-15,"TSC","eb1a","FL",20,52,92,164,2014,0
"1040",2014-11-25,2014-12-22,2015-02-18,2015-03-23,"TSC","eb1b","NJ",27,58,33,118,2014,0
"1041",2014-11-25,2015-01-09,2015-02-13,2015-04-08,"TSC","eb1a","TX",45,35,54,134,2014,0
"1043",2014-11-24,2014-12-22,2015-01-23,2015-07-01,"TSC","eb1a","CT",28,32,159,219,2014,0
"1044",2014-11-24,2014-12-22,2015-01-31,2015-06-16,"TSC","eb1a","TX",28,40,136,204,2014,0
"1045",2014-11-20,2014-12-22,2015-02-05,2015-07-01,"TSC","eb1a","NY",32,45,146,223,2014,0
"1046",2014-11-19,2014-12-18,2015-01-27,2015-04-15,"TSC","eb1b","CT",29,40,78,147,2014,0
"1047",2014-11-18,2014-12-10,2015-01-23,2015-05-02,"TSC","eb1a","TX",22,44,99,165,2014,0
"1048",2014-11-17,2014-12-09,2015-02-01,2015-05-05,"TSC","eb1b","MA",22,54,93,169,2014,0
"1049",2014-11-17,2014-12-12,NA,2015-02-09,"TSC","eb1a","MA",25,NA,NA,84,2014,0
"1050",2014-11-14,2014-12-10,2015-01-20,2015-05-22,"TSC","eb1a","VA",26,41,122,189,2014,0
"1051",2014-11-12,2014-12-09,2015-02-16,2015-08-06,"TSC","eb1b","NY",27,69,171,267,2014,0
"1052",2014-11-12,2014-11-20,2015-01-21,2015-04-13,"TSC","eb1a",NA,8,62,82,152,2014,0
"1053",2014-11-12,2014-12-10,2015-01-23,2015-05-15,"TSC","eb1a","PA",28,44,112,184,2014,0
"1054",2014-11-05,2014-12-04,2015-01-14,2015-01-28,"TSC","eb1a","PA",29,41,14,84,2014,0
"1055",2014-11-04,2014-12-12,2015-01-29,2015-05-22,"TSC","eb1a","LA",38,48,113,199,2014,0
"1056",2014-11-03,2014-12-03,2015-02-20,2015-08-04,"TSC","eb1a","WV",30,79,165,274,2014,0
"1057",2014-11-03,2014-11-13,2015-01-08,2015-02-11,"TSC","eb1a","NY",10,56,34,100,2014,0
"1058",2014-10-27,2014-11-21,2015-01-15,2015-06-12,"TSC","eb1a",NA,25,55,148,228,2014,0
"1061",2014-10-16,2014-11-20,2015-01-10,2015-01-27,"TSC","eb1a","GA",35,51,17,103,2014,0
"1062",2014-10-16,2014-10-20,2014-11-08,2015-01-20,"TSC","eb1a","SC",4,19,73,96,2014,0
"1063",2014-10-08,2014-10-31,2014-12-23,2015-02-11,"TSC","eb1a","FL",23,53,50,126,2014,0
"1065",2014-10-02,2014-10-24,2014-12-29,2015-03-18,"TSC","eb1b","MD",22,66,79,167,2014,0
"1067",2014-09-23,2014-10-15,2014-12-12,2015-04-20,"TSC","eb1b","MA",22,58,129,209,2014,0
"1068",2014-09-19,2014-10-15,2014-11-29,2015-01-23,"TSC","eb1a","TX",26,45,55,126,2014,0
"1069",2014-09-16,2014-10-15,2014-12-01,2015-07-29,"TSC","eb1b","NJ",29,47,240,316,2014,0
"1072",2014-09-13,2014-09-26,2014-11-23,2015-01-20,"TSC","eb1a","TX",13,58,58,129,2014,0
"1075",2014-09-05,2014-10-09,2014-12-05,2015-02-25,"TSC","eb1b","NY",34,57,82,173,2014,0
"1076",2014-08-29,2014-09-22,NA,2014-10-03,"TSC","eb1b","NJ",24,NA,NA,35,2014,0
"1078",2014-08-18,2014-09-17,2014-11-15,2015-01-20,"TSC","eb1b","MA",30,59,66,155,2014,0
"1079",2014-08-11,2014-09-05,2014-10-22,2015-05-11,"TSC","eb1b","NY",25,47,201,273,2014,0
"1080",2014-07-31,2014-08-18,NA,2014-09-08,"TSC","eb1b",NA,18,NA,NA,39,2014,0
"1081",2014-07-24,2014-08-12,NA,2014-08-30,"TSC","eb1a","VA",19,NA,NA,37,2014,0
"1083",2014-07-21,2014-09-12,2014-10-10,2014-10-23,"TSC","eb1a",NA,53,28,13,94,2014,0
"1084",2014-07-17,2014-07-31,2014-10-06,2014-12-02,"TSC","eb1a","NY",14,67,57,138,2014,0
"1085",2014-07-17,2014-08-13,2014-10-17,2015-01-23,"TSC","eb1a","FL",27,65,98,190,2014,0
"1086",2014-07-15,2014-08-19,2014-10-17,2014-11-22,"TSC","eb1a","MA",35,59,36,130,2014,0
"1087",2014-07-15,2014-08-01,NA,2014-11-14,"TSC","eb1a",NA,17,NA,NA,122,2014,0
"1088",2014-07-02,2014-07-17,2014-09-22,2015-02-25,"TSC","eb1a","NY",15,67,156,238,2014,0
"1089",2014-06-30,2014-08-14,2014-10-01,2015-01-06,"TSC","eb1a",NA,45,48,97,190,2014,0
"1090",2014-06-25,2014-07-10,NA,2014-09-05,"TSC","eb1a","MD",15,NA,NA,72,2014,0
"1091",2014-06-23,2014-07-07,NA,2014-08-14,"TSC","eb1a","NY",14,NA,NA,52,2014,0
"1092",2014-06-16,2014-07-19,NA,2014-09-04,"TSC","eb1b","NC",33,NA,NA,80,2014,0
"1093",2014-06-12,2014-07-08,2014-09-05,2015-01-23,"TSC","eb1a","NY",26,59,140,225,2014,0
"1094",2014-06-09,2014-07-09,NA,2015-01-07,"TSC","eb1b","NJ",30,NA,NA,212,2014,0
"1095",2014-05-30,2014-06-27,NA,2014-07-12,"TSC","eb1b","NC",28,NA,NA,43,2014,0
"1096",2014-05-22,2014-06-12,2014-08-09,2015-03-11,"TSC","eb1b","NY",21,58,214,293,2014,0
"1097",2014-05-22,2014-06-25,2014-08-09,2014-08-22,"TSC","eb1a",NA,34,45,13,92,2014,0
"1098",2014-05-20,2014-06-17,2014-08-14,2014-08-19,"TSC","eb1a","FL",28,58,5,91,2014,0
"1099",2014-05-16,2014-06-18,2014-08-31,2015-02-12,"TSC","eb1a",NA,33,74,165,272,2014,0
"1100",2014-05-14,2014-05-30,2014-08-22,2015-02-10,"TSC","eb1a","NY",16,84,172,272,2014,0
"1102",2014-05-12,2014-05-30,2014-07-23,2015-05-07,"TSC","eb1a","NY",18,54,288,360,2014,0
"1103",2014-05-05,2014-06-04,2014-08-01,2014-08-21,"TSC","eb1b","MA",30,58,20,108,2014,0
"1104",2014-04-18,2014-05-27,2014-05-28,2014-06-26,"TSC","eb1b","MA",39,1,29,69,2014,0
"1105",2014-04-18,2014-05-23,2014-07-07,2014-11-24,"TSC","eb1b","NY",35,45,140,220,2014,0
"1108",2014-04-08,2014-05-15,NA,2014-06-18,"TSC","eb1b",NA,37,NA,NA,71,2014,0
"1111",2014-04-02,2014-04-15,NA,2014-05-31,"TSC","eb1a","VA",13,NA,NA,59,2014,0
"1112",2014-03-31,2014-04-17,NA,2014-05-30,"TSC","eb1a","NY",17,NA,NA,60,2014,0
"1114",2014-03-25,2014-05-05,2014-06-18,2014-09-08,"TSC","eb1b",NA,41,44,82,167,2014,0
"1115",2014-03-25,2014-04-15,2014-06-20,2014-08-25,"TSC","eb1b","MD",21,66,66,153,2014,0
"1116",2014-03-25,2014-04-28,NA,2014-05-16,"TSC","eb1a","RI",34,NA,NA,52,2014,0
"1118",2014-03-19,2014-04-17,NA,2014-05-13,"TSC","eb1a","PA",29,NA,NA,55,2014,0
"1122",2014-03-07,2014-04-03,NA,2014-04-28,"TSC","eb1a","TX",27,NA,NA,52,2014,0
"1123",2014-03-06,2014-03-18,NA,2014-06-14,"TSC","eb1a","GA",12,NA,NA,100,2014,0
"1125",2014-02-25,2014-03-04,2014-04-16,2014-04-18,"TSC","eb1a","TX",7,43,2,52,2014,0
"1126",2014-02-25,2014-03-26,2014-04-24,2014-04-30,"TSC","eb1a","PA",29,29,6,64,2014,0
"1127",2014-02-21,2014-03-27,2014-05-07,2014-07-08,"TSC","eb1a",NA,34,41,62,137,2014,0
"1128",2014-02-20,2014-03-11,2014-04-28,2014-09-11,"TSC","eb1a","TN",19,48,136,203,2014,0
"1129",2014-02-14,2014-03-06,2014-04-09,2014-04-18,"TSC","eb1b","AL",20,34,9,63,2014,0
"1131",2014-02-11,2014-02-25,2014-03-07,2014-03-31,"TSC","eb1a","MD",14,10,24,48,2014,0
"1132",2014-02-10,2014-03-13,2014-04-07,2014-04-14,"TSC","eb1b","NJ",31,25,7,63,2014,0
"1133",2014-02-10,2014-02-25,2014-03-07,2014-04-28,"TSC","eb1a","NY",15,10,52,77,2014,0
"1134",2014-02-06,2014-03-03,2014-04-08,2014-04-29,"TSC",NA,"GA",25,36,21,82,2014,0
"1135",2014-02-03,2014-02-24,NA,2014-03-31,"TSC","eb1a","MA",21,NA,NA,56,2014,0
"1136",2014-01-31,2014-02-25,NA,2014-06-04,"TSC","eb1a","NY",25,NA,NA,124,2014,0
"1137",2014-01-27,2014-02-21,2014-03-14,2014-04-18,"TSC","eb1a","TX",25,21,35,81,2014,0
"1138",2014-01-08,2014-02-03,2014-02-14,2014-03-24,"TSC","eb1a",NA,26,11,38,75,2014,0
"1139",2014-01-07,2014-01-28,2014-02-04,2014-03-31,"TSC","eb1a","PA",21,7,55,83,2014,0
"1140",2014-01-02,2014-01-27,2014-02-10,2014-03-10,"TSC","eb1a","MA",25,14,28,67,2014,0
"1141",2013-12-31,NA,2014-02-25,2014-04-15,"TSC","eb1b",NA,NA,NA,49,105,2013,0
"1142",2013-12-30,2014-01-30,NA,2014-03-06,"TSC","eb1a","NC",31,NA,NA,66,2013,0
"1143",2013-12-17,2014-01-09,2014-01-17,2014-03-18,"TSC","eb1a","NY",23,8,60,91,2013,0
"1144",2013-12-17,2013-12-31,NA,2014-03-07,"TSC","eb1a","WV",14,NA,NA,80,2013,0
"1146",2013-12-05,2013-12-30,2014-01-23,2014-05-16,"TSC","eb1a",NA,25,24,113,162,2013,0
"1148",2013-11-27,2013-12-30,NA,2014-03-20,"TSC","eb1a","FL",33,NA,NA,113,2013,0
"1150",2013-11-25,2013-12-27,2014-01-04,2014-02-27,"TSC","eb1b","NC",32,8,54,94,2013,0
"1151",2013-11-21,2013-12-12,2014-01-18,2014-02-27,"TSC","eb1a","MD",21,37,40,98,2013,0
"1152",2013-11-20,2013-12-17,2014-01-06,2014-02-26,"TSC","eb1b",NA,27,20,51,98,2013,0
"1153",2013-11-15,2013-12-13,2014-01-03,2014-03-21,"TSC","eb1b",NA,28,21,77,126,2013,0
"1155",2013-11-12,2013-11-27,2014-01-23,2014-08-30,"TSC","eb1b","NY",15,57,219,291,2013,0
"1156",2013-11-08,2013-11-27,2013-12-17,2014-02-27,"TSC","eb1a","NY",19,20,72,111,2013,0
"1157",2013-11-07,2013-12-12,2013-12-23,2014-03-07,"TSC","eb1b",NA,35,11,74,120,2013,0
"1158",2013-11-06,2013-11-25,2013-12-23,2014-03-04,"TSC","eb1b","GA",19,28,71,118,2013,0
"1159",2013-11-05,2013-11-24,2013-12-22,2014-03-03,"TSC","eb1a","GA",19,28,71,118,2013,0
"1161",2013-10-28,2013-11-18,2014-01-09,2014-02-26,"TSC","eb1a",NA,21,52,48,121,2013,0
"1163",2013-10-25,2013-11-05,NA,2013-12-02,"TSC","eb1b","MA",11,NA,NA,38,2013,0
"1164",2013-10-25,2013-11-27,2013-11-27,2014-04-23,"TSC","eb1a",NA,33,0,147,180,2013,0
"1165",2013-10-24,2013-11-05,NA,2014-02-27,"TSC","eb1a",NA,12,NA,NA,126,2013,0
"1166",2013-10-21,2013-11-07,NA,2014-02-06,"TSC","eb1a",NA,17,NA,NA,108,2013,0
"1167",2013-10-21,2013-11-28,NA,2014-02-26,"TSC","eb1a","TX",38,NA,NA,128,2013,0
"1168",2013-10-18,2013-10-29,2013-11-26,2014-03-01,"TSC","eb1a","NJ",11,28,95,134,2013,0
"1169",2013-10-16,2013-11-13,2013-11-14,2014-02-08,"TSC","eb1b","NY",28,1,86,115,2013,0
"1170",2013-10-15,2013-11-12,2013-11-29,2014-02-15,"TSC","eb1a","WP",28,17,78,123,2013,0
"1171",2013-10-15,2013-11-12,2013-11-29,2014-03-24,"TSC","eb1a","TX",28,17,115,160,2013,0
"1172",2013-10-11,2013-10-28,2013-11-23,2013-12-05,"TSC","eb1a","PA",17,26,12,55,2013,0
"1173",2013-10-11,2013-11-06,2013-11-22,2013-12-05,"TSC","eb1a","TX",26,16,13,55,2013,0
"1174",2013-10-09,2013-11-12,2013-11-14,2014-03-05,"TSC","eb1b",NA,34,2,111,147,2013,0
"1175",2013-10-09,2013-10-29,2013-11-26,2014-04-08,"TSC","eb1a","SC",20,28,133,181,2013,0
"1176",2013-10-02,2013-11-14,NA,2014-02-22,"TSC","eb1b",NA,43,NA,NA,143,2013,0
"1177",2013-09-30,2013-10-17,2013-11-18,2014-02-13,"TSC","eb1b",NA,17,32,87,136,2013,0
"1178",2013-09-30,2013-10-30,NA,2013-12-04,"TSC","eb1b",NA,30,NA,NA,65,2013,0
"1180",2013-09-26,2013-10-29,2013-11-10,2014-02-21,"TSC","eb1a",NA,33,12,103,148,2013,0
"1181",2013-09-24,2013-10-18,2013-11-23,2014-02-26,"TSC","eb1a","MA",24,36,95,155,2013,0
"1182",2013-09-23,2013-10-18,2013-11-14,2014-04-17,"TSC","eb1b","TX",25,27,154,206,2013,0
"1183",2013-09-20,2013-10-04,2013-10-26,2014-01-08,"TSC","eb1b","MD",14,22,74,110,2013,0
"1185",2013-09-20,2013-10-01,NA,2013-11-09,"TSC","eb1a","TX",11,NA,NA,50,2013,0
"1186",2013-09-19,2013-10-02,2013-11-15,2013-11-12,"TSC","eb1b","NY",13,44,-3,54,2013,0
"1187",2013-09-19,2013-10-22,2013-10-28,2014-02-25,"TSC","eb1a","MA",33,6,120,159,2013,0
"1188",2013-09-17,2013-10-15,2013-11-02,2014-02-13,"TSC","eb1a",NA,28,18,103,149,2013,0
"1189",2013-09-16,2013-10-15,2013-10-18,2013-12-09,"TSC","eb1b",NA,29,3,52,84,2013,0
"1190",2013-09-16,2013-10-04,2013-10-26,2013-12-10,"TSC","eb1a",NA,18,22,45,85,2013,0
"1191",2013-09-13,2013-10-08,2013-10-28,2013-11-27,"TSC","eb1b","AL",25,20,30,75,2013,0
"1192",2013-09-13,2013-10-11,2013-10-25,2013-11-27,"TSC","eb1b","MA",28,14,33,75,2013,0
"1193",2013-09-13,2013-10-02,2013-11-22,2013-12-11,"TSC","eb1b","NY",19,51,19,89,2013,0
"1194",2013-09-13,2013-10-10,2013-10-28,2013-11-02,"TSC","eb1b",NA,27,18,5,50,2013,0
"1195",2013-09-13,2013-09-27,2013-10-22,2014-02-25,"TSC","eb1a",NA,14,25,126,165,2013,0
"1197",2013-09-10,2013-10-02,2013-11-13,2014-01-09,"TSC","eb1a","GA",22,42,57,121,2013,0
"1198",2013-09-10,2013-09-20,2013-10-26,2013-12-06,"TSC","eb1a",NA,10,36,41,87,2013,0
"1199",2013-09-10,2013-10-04,2013-10-28,2013-11-01,"TSC","eb1a","FL",24,24,4,52,2013,0
"1200",2013-09-10,NA,NA,2013-11-15,"TSC",NA,NA,NA,NA,NA,66,2013,0
"1201",2013-09-09,2013-11-07,NA,2014-02-26,"TSC","eb1a",NA,59,NA,NA,170,2013,0
"1202",2013-09-09,2013-09-23,2013-11-09,2013-12-17,"TSC","eb1a",NA,14,47,38,99,2013,0
"1203",2013-09-09,2013-10-04,2013-10-18,2014-04-03,"TSC","eb1a",NA,25,14,167,206,2013,0
"1204",2013-09-09,2013-09-27,2013-10-23,2014-03-06,"TSC","eb1a","MA",18,26,134,178,2013,0
"1205",2013-09-09,2013-10-04,2013-10-28,2014-05-28,"TSC","eb1a",NA,25,24,212,261,2013,0
"1206",2013-09-09,2013-10-07,2013-10-30,2014-05-01,"TSC","eb1a",NA,28,23,183,234,2013,0
"1207",2013-09-06,2013-09-18,NA,2013-10-15,"TSC","eb1b","NY",12,NA,NA,39,2013,0
"1208",2013-09-06,2013-10-01,2013-10-26,2013-11-15,"TSC","eb1b",NA,25,25,20,70,2013,0
"1209",2013-09-05,2013-10-28,NA,2013-12-05,"TSC","eb1a","MD",53,NA,NA,91,2013,0
"1210",2013-09-05,2013-09-18,2013-10-19,2013-11-16,"TSC","eb1a","TX",13,31,28,72,2013,0
"1211",2013-09-05,2013-09-24,2013-11-01,2013-11-19,"TSC","eb1a",NA,19,38,18,75,2013,0
"1212",2013-09-05,2013-09-27,2013-10-24,2013-11-06,"TSC","eb1a","GA",22,27,13,62,2013,0
"1213",2013-09-04,2013-10-03,NA,2013-10-08,"TSC","eb1a",NA,29,NA,NA,34,2013,0
"1214",2013-08-30,2013-09-19,NA,2013-10-22,"TSC","eb1b",NA,20,NA,NA,53,2013,0
"1215",2013-08-30,2013-09-30,NA,2013-10-10,"TSC","eb1b","NY",31,NA,NA,41,2013,0
"1216",2013-08-28,2013-09-25,NA,2013-11-01,"TSC","eb1a","TN",28,NA,NA,65,2013,0
"1217",2013-08-27,NA,2013-09-05,2013-09-20,"TSC","eb1a",NA,NA,NA,15,24,2013,0
"1218",2013-08-27,2013-09-13,NA,2013-11-25,"TSC","eb1a",NA,17,NA,NA,90,2013,0
"1219",2013-08-23,2013-09-03,2013-09-30,2013-12-16,"TSC","eb1b",NA,11,27,77,115,2013,0
"1220",2013-08-23,2013-09-09,2013-11-06,2013-12-05,"TSC","eb1a",NA,17,58,29,104,2013,0
"1221",2013-08-19,2013-09-04,2013-09-26,2013-11-02,"TSC","eb1a",NA,16,22,37,75,2013,0
"1222",2013-08-15,2013-08-27,2013-09-28,2013-11-26,"TSC","eb1b","MA",12,32,59,103,2013,0
"1223",2013-08-15,2013-08-30,2013-09-28,2013-11-26,"TSC","eb1b","PA",15,29,59,103,2013,0
"1225",2013-08-13,2013-08-26,2013-09-30,2013-10-26,"TSC","eb1b","FL",13,35,26,74,2013,0
"1226",2013-08-12,2013-09-12,2013-09-24,2013-11-14,"TSC","eb1b",NA,31,12,51,94,2013,0
"1227",2013-08-12,2013-09-06,2013-09-30,2013-12-13,"TSC","eb1a",NA,25,24,74,123,2013,0
"1228",2013-08-09,2013-08-26,2013-11-08,2013-11-20,"TSC","eb1b","FL",17,74,12,103,2013,0
"1230",2013-08-09,2013-08-23,2013-09-24,2013-10-03,"TSC","eb1a","MD",14,32,9,55,2013,0
"1232",2013-08-07,2013-09-08,NA,2013-10-17,"TSC","eb1a",NA,32,NA,NA,71,2013,0
"1233",2013-08-07,2013-08-30,2013-10-08,2014-01-27,"TSC","eb1a",NA,23,39,111,173,2013,0
"1234",2013-08-05,2013-08-29,2013-10-04,2013-10-21,"TSC","eb1a","PA",24,36,17,77,2013,0
"1235",2013-08-05,2013-08-30,2013-09-13,2013-10-26,"TSC","eb1a",NA,25,14,43,82,2013,0
"1236",2013-08-02,2013-08-19,2013-09-09,2013-10-18,"TSC","eb1a","NC",17,21,39,77,2013,0
"1237",2013-08-02,NA,NA,2013-10-07,"",NA,NA,NA,NA,NA,66,2013,0
"1238",2013-08-01,2013-08-28,2013-09-19,2014-02-07,"TSC","eb1b","NY",27,22,141,190,2013,0
"1239",2013-08-01,2013-08-13,NA,2013-10-07,"TSC","eb1a","NC",12,NA,NA,67,2013,0
"1240",2013-07-30,2013-08-13,2013-09-04,2014-03-03,"TSC","eb1a","MA",14,22,180,216,2013,0
"1241",2013-07-29,2013-08-20,2013-08-27,2013-10-07,"TSC","eb1a","MA",22,7,41,70,2013,0
"1243",2013-07-25,2013-08-21,2013-08-19,2013-12-31,"TSC","eb1b",NA,27,-2,134,159,2013,0
"1244",2013-07-25,2013-08-07,2013-09-10,2013-10-12,"TSC","eb1a","MD",13,34,32,79,2013,0
"1245",2013-07-25,2013-08-02,2013-08-30,2013-10-04,"TSC","eb1a","TX",8,28,35,71,2013,0
"1247",2013-07-23,NA,NA,2013-10-01,"TSC","eb1a",NA,NA,NA,NA,70,2013,0
"1249",2013-07-18,2013-08-15,2013-08-28,2013-10-17,"TSC","eb1b",NA,28,13,50,91,2013,0
"1250",2013-07-18,2013-08-12,2013-10-02,2013-10-19,"TSC","eb1a","TX",25,51,17,93,2013,0
"1251",2013-07-18,2013-08-19,NA,2013-08-24,"TSC","eb1a",NA,32,NA,NA,37,2013,0
"1252",2013-07-18,2013-08-19,2013-08-28,2013-10-31,"TSC","eb1a",NA,32,9,64,105,2013,0
"1253",2013-07-17,2013-07-29,2013-08-16,2013-08-17,"TSC","eb1b",NA,12,18,1,31,2013,0
"1254",2013-07-17,2013-08-15,NA,2013-08-23,"TSC","eb1a",NA,29,NA,NA,37,2013,0
"1255",2013-07-16,2013-08-12,NA,2013-09-06,"TSC","eb1b",NA,27,NA,NA,52,2013,0
"1256",2013-07-16,2013-08-01,NA,2013-08-26,"TSC","eb1a","GA",16,NA,NA,41,2013,0
"1257",2013-07-15,2013-07-26,2013-08-19,2013-10-10,"TSC","eb1a",NA,11,24,52,87,2013,0
"1258",2013-07-12,2013-07-26,2013-08-21,2013-08-23,"TSC","eb1b","MA",14,26,2,42,2013,0
"1259",2013-07-12,2013-08-14,NA,2013-09-06,"TSC","eb1a",NA,33,NA,NA,56,2013,0
"1260",2013-07-11,2013-07-22,2013-08-19,2013-08-19,"TSC","eb1a",NA,11,28,0,39,2013,0
"1261",2013-07-09,2013-07-24,2013-08-09,2013-10-03,"TSC","eb1a","OK",15,16,55,86,2013,0
"1262",2013-07-09,2013-08-09,2013-08-09,2013-08-29,"TSC","eb1a",NA,31,0,20,51,2013,0
"1263",2013-07-05,2013-07-25,2013-08-16,2013-08-29,"TSC","eb1a","NH",20,22,13,55,2013,0
"1264",2013-07-03,2013-07-19,2013-08-21,2013-10-10,"TSC","eb1b",NA,16,33,50,99,2013,0
"1265",2013-07-03,2013-07-24,2013-08-09,2013-10-10,"TSC","eb1b",NA,21,16,62,99,2013,0
"1266",2013-07-03,2013-07-26,2013-08-30,2013-10-08,"TSC","eb1a",NA,23,35,39,97,2013,0
"1267",2013-06-27,2013-07-08,2013-08-03,2013-10-02,"TSC","eb1a",NA,11,26,60,97,2013,0
"1268",2013-06-24,2013-07-29,2013-08-21,2013-09-07,"TSC","eb1b",NA,35,23,17,75,2013,0
"1269",2013-06-24,2013-07-17,2013-07-18,2013-08-09,"TSC","eb1b",NA,23,1,22,46,2013,0
"1270",2013-06-21,2013-07-12,2013-08-22,2013-09-06,"TSC","eb1a",NA,21,41,15,77,2013,0
"1271",2013-06-20,2013-07-02,2013-08-09,2013-08-16,"TSC","eb1b",NA,12,38,7,57,2013,0
"1272",2013-06-19,2013-06-28,2013-07-24,2013-08-22,"TSC","eb1a","PA",9,26,29,64,2013,0
"1273",2013-06-17,2013-06-25,2013-07-20,2013-08-28,"TSC","eb1a",NA,8,25,39,72,2013,0
"1274",2013-06-13,2013-07-01,2013-07-25,2013-10-04,"TSC","eb1a",NA,18,24,71,113,2013,0
"1275",2013-06-12,2013-08-07,2013-07-19,2013-09-07,"TSC","eb1b",NA,56,-19,50,87,2013,0
"1277",2013-06-12,2013-06-25,2013-07-25,2013-08-27,"TSC","eb1a",NA,13,30,33,76,2013,0
"1278",2013-06-12,2013-07-10,2013-08-05,2013-08-26,"TSC","eb1a",NA,28,26,21,75,2013,0
"1279",2013-06-07,2013-08-12,NA,2013-09-09,"TSC","eb1a","MD",66,NA,NA,94,2013,0
"1280",2013-06-07,2013-06-27,2013-07-20,2013-08-10,"TSC","eb1a","PA",20,23,21,64,2013,0
"1281",2013-06-06,2013-07-08,2013-07-17,2013-07-26,"TSC","eb1a",NA,32,9,9,50,2013,0
"1282",2013-06-05,2013-06-18,2013-07-11,2013-07-15,"TSC","eb1a",NA,13,23,4,40,2013,0
"1283",2013-06-03,2013-07-02,2013-07-13,2013-10-04,"TSC","eb1a",NA,29,11,83,123,2013,0
"1284",2013-06-03,2013-07-01,2013-07-22,2013-07-27,"TSC","eb1a",NA,28,21,5,54,2013,0
"1285",2013-05-29,2013-06-26,2013-06-22,2013-07-12,"TSC","eb1b",NA,28,-4,20,44,2013,0
"1286",2013-05-29,2013-06-12,2013-06-20,2013-06-27,"TSC","eb1a",NA,14,8,7,29,2013,0
"1287",2013-05-23,2013-06-06,2013-07-11,2013-09-05,"TSC","eb1a",NA,14,35,56,105,2013,0
"1288",2013-05-21,2013-06-21,NA,2013-07-11,"TSC","eb1a",NA,31,NA,NA,51,2013,0
"1289",2013-05-20,2013-06-21,2013-06-17,2013-07-08,"TSC",NA,NA,32,-4,21,49,2013,0
"1290",2013-05-16,2013-06-04,2013-06-15,2013-06-22,"TSC","eb1a",NA,19,11,7,37,2013,0
"1291",2013-05-14,2013-06-14,2013-06-18,2013-06-28,"TSC",NA,NA,31,4,10,45,2013,0
"1292",2013-05-13,2013-05-31,2013-06-13,2013-07-01,"TSC","eb1b",NA,18,13,18,49,2013,0
"1293",2013-05-10,2013-05-30,NA,2013-08-15,"TSC","eb1a",NA,20,NA,NA,97,2013,0
"1294",2013-05-08,2013-05-20,2013-06-08,2013-08-03,"TSC","eb1a",NA,12,19,56,87,2013,0
"1295",2013-05-03,2013-05-23,2013-05-24,2013-06-14,"TSC","eb1b",NA,20,1,21,42,2013,0
"1296",2013-05-03,2013-06-06,2013-06-09,2013-06-28,"TSC",NA,NA,34,3,19,56,2013,0
"1297",2013-05-02,2013-05-31,2013-06-12,2013-06-24,"",NA,NA,29,12,12,53,2013,0
"1298",2013-05-01,2013-06-04,2013-05-21,2013-06-22,"TSC","eb1b",NA,34,-14,32,52,2013,0
"1299",2013-05-01,2013-05-20,2013-05-17,2013-06-10,"TSC",NA,NA,19,-3,24,40,2013,0
"1300",2013-04-29,2013-05-20,2013-05-23,2013-06-28,"TSC","eb1b",NA,21,3,36,60,2013,0
"1301",2013-04-29,2013-05-24,2013-05-17,2014-02-28,"TSC","eb1b",NA,25,-7,287,305,2013,0
"1302",2013-04-26,2013-05-28,2013-05-29,2013-07-24,"TSC","eb1b",NA,32,1,56,89,2013,0
"1303",2013-04-24,2013-05-09,2013-05-30,2013-07-22,"TSC","eb1b",NA,15,21,53,89,2013,0
"1304",2013-04-22,2013-05-16,2013-05-24,2013-06-11,"TSC","eb1a",NA,24,8,18,50,2013,0
"1305",2013-04-16,2013-05-15,2013-04-27,2013-06-01,"TSC","eb1a",NA,29,-18,35,46,2013,0
"1306",2013-04-15,2013-04-25,2013-04-27,2013-07-27,"TSC","eb1b",NA,10,2,91,103,2013,0
"1307",2013-04-15,2013-05-01,2013-04-27,2013-06-14,"TSC","eb1a",NA,16,-4,48,60,2013,0
"1308",2013-04-09,2013-04-23,2013-04-29,2013-06-07,"TSC","eb1a",NA,14,6,39,59,2013,0
"1309",2013-04-08,2013-05-02,NA,2013-05-31,"TSC","eb1a",NA,24,NA,NA,53,2013,0
"1310",2013-04-08,2013-04-19,2013-05-01,2013-05-16,"TSC","eb1a",NA,11,12,15,38,2013,0
"1311",2013-04-08,2013-04-18,2013-04-26,2013-05-29,"TSC","eb1a",NA,10,8,33,51,2013,0
"1312",2013-04-04,2013-05-24,2013-04-25,2013-06-22,"TSC","eb1a",NA,50,-29,58,79,2013,0
"1313",2013-04-04,2013-04-18,2013-04-25,2013-05-09,"TSC","eb1a",NA,14,7,14,35,2013,0
"1315",2013-04-04,2013-04-17,2013-04-24,2013-06-08,"TSC","eb1a",NA,13,7,45,65,2013,0
"1316",2013-04-03,2013-04-16,2013-04-23,2013-05-21,"TSC","eb1b",NA,13,7,28,48,2013,0
"1317",2013-04-02,2013-05-06,2013-04-27,2013-05-30,"TSC","eb1a",NA,34,-9,33,58,2013,0
"1318",2013-04-01,NA,2013-04-19,2013-05-09,"TSC ",NA,NA,NA,NA,20,38,2013,0
"1319",2013-03-29,2013-04-25,2013-04-19,2013-06-03,"TSC","eb1b",NA,27,-6,45,66,2013,0
"1320",2013-03-29,2013-04-17,2013-04-18,2013-05-10,"TSC","eb1a",NA,19,1,22,42,2013,0
"1321",2013-03-29,NA,NA,2013-05-07,"TSC",NA,NA,NA,NA,NA,39,2013,0
"1322",2013-03-28,2013-04-09,NA,2013-06-03,"TSC","eb1b",NA,12,NA,NA,67,2013,0
"1323",2013-03-28,2013-04-09,2013-04-19,2013-06-10,"TSC","eb1b",NA,12,10,52,74,2013,0
"1324",2013-03-28,2013-04-25,NA,2013-06-27,"TSC","eb1a",NA,28,NA,NA,91,2013,0
"1325",2013-03-27,NA,NA,2013-04-27,"TSC","eb1a",NA,NA,NA,NA,31,2013,0
"1326",2013-03-26,NA,NA,2013-06-03,"TSC","eb1b",NA,NA,NA,NA,69,2013,0
"1327",2013-03-26,2013-04-05,2013-04-11,2013-05-08,"TSC","eb1a",NA,10,6,27,43,2013,0
"1329",2013-03-25,2013-04-08,2013-04-15,2013-05-03,"TSC","eb1b",NA,14,7,18,39,2013,0
"1330",2013-03-25,2013-04-05,2013-04-22,2013-05-09,"TSC","eb1a",NA,11,17,17,45,2013,0
"1331",2013-03-25,2013-04-08,2013-04-23,2013-07-08,"TSC","eb1a",NA,14,15,76,105,2013,0
"1332",2013-03-25,2013-04-25,2013-04-22,2013-05-31,"TSC","eb1a",NA,31,-3,39,67,2013,0
"1333",2013-03-22,2013-04-05,2013-04-19,2013-04-20,"TSC","eb1b",NA,14,14,1,29,2013,0
"1334",2013-03-22,2013-04-19,NA,2013-04-27,"",NA,NA,28,NA,NA,36,2013,0
"1335",2013-03-20,2013-04-08,2013-04-08,2013-06-18,"TSC","eb1b",NA,19,0,71,90,2013,0
"1336",2013-03-18,2013-06-04,2013-04-08,2013-06-20,"TSC","eb1b",NA,78,-57,73,94,2013,0
"1337",2013-03-18,2013-04-15,2013-04-04,2013-05-15,"TSC","eb1b",NA,28,-11,41,58,2013,0
"1338",2013-03-14,2013-03-27,2013-04-03,2013-07-10,"TSC","eb1a",NA,13,7,98,118,2013,0
"1339",2013-03-14,2013-03-26,NA,2013-04-11,"TSC","eb1a",NA,12,NA,NA,28,2013,0
"1340",2013-03-14,2013-03-27,NA,2013-04-15,"TSC","eb1a",NA,13,NA,NA,32,2013,0
"1341",2013-03-14,2013-03-26,2013-03-27,2013-04-12,"TSC",NA,NA,12,1,16,29,2013,0
"1342",2013-03-13,2013-04-05,2013-04-01,2013-04-26,"TSC","eb1b",NA,23,-4,25,44,2013,0
"1343",2013-03-13,2013-03-25,2013-04-15,2013-05-13,"TSC","eb1a",NA,12,21,28,61,2013,0
"1344",2013-03-13,2013-03-29,2013-04-15,2013-05-13,"TSC","eb1a",NA,16,17,28,61,2013,0
"1345",2013-03-12,2013-03-25,2013-04-05,2013-06-06,"TSC","eb1b",NA,13,11,62,86,2013,0
"1346",2013-03-11,2013-03-25,NA,2013-04-13,"TSC","eb1b",NA,14,NA,NA,33,2013,0
"1347",2013-03-11,2013-04-04,2013-03-26,2013-04-29,"TSC","eb1b",NA,24,-9,34,49,2013,0
"1348",2013-03-11,2013-04-04,2013-04-13,2013-04-29,"TSC",NA,NA,24,9,16,49,2013,0
"1349",2013-03-08,2013-04-09,2013-04-01,2013-06-01,"TSC","eb1a",NA,32,-8,61,85,2013,0
"1350",2013-03-07,2013-04-03,2013-04-15,2013-06-18,"TSC","eb1a",NA,27,12,64,103,2013,0
"1352",2013-03-05,2013-03-26,2013-03-25,2013-04-10,"TSC","eb1b",NA,21,-1,16,36,2013,0
"1353",2013-03-04,2013-03-17,NA,2013-05-13,"TSC","eb1a",NA,13,NA,NA,70,2013,0
"1354",2013-03-01,2013-04-10,2013-04-11,2013-05-04,"TSC","eb1a",NA,40,1,23,64,2013,0
"1355",2013-03-01,2013-03-18,NA,2013-04-01,"TSC","eb1a",NA,17,NA,NA,31,2013,0
"1356",2013-02-28,2013-03-13,2013-04-08,2013-04-13,"TSC","eb1a",NA,13,26,5,44,2013,0
"1357",2013-02-28,2013-03-13,NA,2013-04-03,"TSC",NA,NA,13,NA,NA,34,2013,0
"1358",2013-02-27,2013-03-12,2013-03-20,2013-04-02,"TSC","eb1b",NA,13,8,13,34,2013,0
"1360",2013-02-27,2013-03-18,NA,2013-04-17,"TSC","eb1b",NA,19,NA,NA,49,2013,0
"1361",2013-02-27,2013-03-18,NA,2013-04-01,"TSC","eb1a",NA,19,NA,NA,33,2013,0
"1362",2013-02-27,2013-03-19,NA,2013-04-15,"TSC",NA,NA,20,NA,NA,47,2013,0
"1363",2013-02-27,2013-03-26,2013-03-23,2013-04-12,"TSC",NA,NA,27,-3,20,44,2013,0
"1364",2013-02-26,2013-03-05,NA,2013-04-06,"TSC","eb1a",NA,7,NA,NA,39,2013,0
"1365",2013-02-25,2013-03-06,NA,2013-04-06,"TSC","eb1a",NA,9,NA,NA,40,2013,0
"1366",2013-02-25,2013-03-15,NA,2013-04-27,"TSC","eb1a",NA,18,NA,NA,61,2013,0
"1367",2013-02-25,2013-03-24,NA,2013-04-04,"TSC","eb1a",NA,27,NA,NA,38,2013,0
"1368",2013-02-21,2013-02-27,NA,2013-05-01,"TSC",NA,NA,6,NA,NA,69,2013,0
"1369",2013-02-20,2013-03-12,NA,2013-04-26,"TSC","eb1a",NA,20,NA,NA,65,2013,0
"1370",2013-02-20,2013-03-01,2013-04-01,2013-05-22,"TSC","eb1a",NA,9,31,51,91,2013,0
"1371",2013-02-19,NA,NA,2013-05-03,"TSC",NA,NA,NA,NA,NA,73,2013,0
"1372",2013-02-15,2013-03-08,2013-03-12,2013-05-30,"TSC","eb1b",NA,21,4,79,104,2013,0
"1373",2013-02-15,NA,2013-03-15,2013-04-01,"TSC","eb1b",NA,NA,NA,17,45,2013,0
"1374",2013-02-14,2013-03-13,2013-04-03,2013-04-20,"TSC","eb1a",NA,27,21,17,65,2013,0
"1375",2013-02-13,NA,NA,2013-03-22,"TSC","eb1b",NA,NA,NA,NA,37,2013,0
"1376",2013-02-13,NA,NA,2013-05-30,"TSC","eb1b",NA,NA,NA,NA,106,2013,0
"1377",2013-02-13,2013-03-12,2013-03-13,2013-04-05,"TSC","eb1a",NA,27,1,23,51,2013,0
"1378",2013-02-12,2013-03-12,NA,2013-04-10,"TSC","eb1b",NA,28,NA,NA,57,2013,0
"1379",2013-02-11,2013-03-13,2013-03-05,2013-03-29,"TSC","eb1a",NA,30,-8,24,46,2013,0
"1380",2013-02-08,2013-02-26,2013-03-02,2013-03-22,"TSC","eb1a",NA,18,4,20,42,2013,0
"1381",2013-02-08,NA,NA,2013-04-01,"TSC",NA,NA,NA,NA,NA,52,2013,0
"1382",2013-02-07,2013-02-26,2013-03-05,2013-04-01,"TSC ","eb1b",NA,19,7,27,53,2013,0
"1383",2013-02-07,2013-03-07,2013-03-05,2013-05-06,"TSC","eb1a",NA,28,-2,62,88,2013,0
"1384",2013-02-07,2013-02-21,NA,2013-05-07,"TSC","eb1a",NA,14,NA,NA,89,2013,0
"1385",2013-02-07,2013-03-05,NA,2013-03-21,"TSC","eb1a",NA,26,NA,NA,42,2013,0
"1386",2013-02-05,2013-03-04,2013-02-26,2013-04-03,"TSC","eb1a",NA,27,-6,36,57,2013,0
"1387",2013-02-01,2013-02-25,2013-02-22,2013-04-17,"TSC",NA,NA,24,-3,54,75,2013,0
"1388",2013-02-01,2013-02-28,NA,2013-04-06,"TSC","eb1b",NA,27,NA,NA,64,2013,0
"1389",2013-01-31,2013-02-25,NA,2013-04-01,"TSC","eb1b",NA,25,NA,NA,60,2013,0
"1390",2013-01-31,2013-02-15,NA,2013-04-02,"TSC","eb1a",NA,15,NA,NA,61,2013,0
"1391",2013-01-30,2013-02-15,2013-02-26,2013-04-19,"TSC","eb1a",NA,16,11,52,79,2013,0
"1392",2013-01-29,2013-02-21,2013-02-26,2013-04-12,"TSC","eb1b",NA,23,5,45,73,2013,0
"1393",2013-01-25,2013-02-11,2013-02-08,2013-03-02,"TSC","eb1b",NA,17,-3,22,36,2013,0
"1394",2013-01-25,2013-02-11,2013-03-05,2013-06-01,"TSC","eb1b",NA,17,22,88,127,2013,0
"1395",2013-01-25,2013-02-26,2013-02-12,2013-04-10,"TSC","eb1b",NA,32,-14,57,75,2013,0
"1396",2013-01-24,2013-02-06,2013-02-21,2013-02-22,"TSC","eb1a",NA,13,15,1,29,2013,0
"1397",2013-01-23,2013-02-14,2013-02-08,2013-03-28,"TSC","eb1b",NA,22,-6,48,64,2013,0
"1398",2013-01-23,2013-03-01,NA,2013-04-11,"TSC","eb1b",NA,37,NA,NA,78,2013,0
"1399",2013-01-16,2013-01-30,2013-02-13,2013-02-22,"TSC","eb1b",NA,14,14,9,37,2013,0
"1400",2013-01-16,2013-02-11,2013-02-06,2013-05-16,"TSC","eb1b",NA,26,-5,99,120,2013,0
"1401",2013-01-14,2013-02-15,2013-01-26,2013-04-09,"TSC","eb1a",NA,32,-20,73,85,2013,0
"1403",2012-12-19,2013-01-17,2013-01-26,2013-02-15,"TSC","eb1b",NA,29,9,20,58,2012,0
"1404",2012-12-12,2013-03-07,NA,2013-04-06,"TSC","eb1c",NA,85,NA,NA,115,2012,0
"1405",2012-12-12,2013-01-09,2013-02-01,2013-02-26,"TSC","eb1b",NA,28,23,25,76,2012,0
"1406",2012-12-07,2013-02-21,2013-02-19,2013-03-09,"TSC","eb1b",NA,76,-2,18,92,2012,0
"1407",2012-12-06,2013-02-08,2012-12-29,2013-04-27,"TSC","eb1a",NA,64,-41,119,142,2012,0
"1408",2012-12-06,2013-01-04,2013-01-11,2013-02-12,"TSC","eb1a",NA,29,7,32,68,2012,0
"1409",2012-12-05,2013-01-14,NA,2013-02-08,"TSC","eb1a",NA,40,NA,NA,65,2012,0
"1410",2012-12-03,NA,NA,2013-03-18,"TSC","eb1a",NA,NA,NA,NA,105,2012,0
"1411",2012-12-01,2012-12-21,NA,2013-02-08,"TSC",NA,NA,20,NA,NA,69,2012,0
"1412",2012-12-01,2012-12-21,NA,2013-05-30,"TSC",NA,NA,20,NA,NA,180,2012,0
"1413",2012-11-30,2012-12-18,2012-12-21,2013-01-19,"TSC","eb1b",NA,18,3,29,50,2012,0
"1414",2012-11-29,2012-12-12,NA,2012-12-27,"TSC","eb1b",NA,13,NA,NA,28,2012,0
"1415",2012-11-29,2012-12-31,NA,2013-01-12,"TSC","eb1a",NA,32,NA,NA,44,2012,0
"1416",2012-11-26,2012-12-04,NA,2012-12-21,"TSC",NA,NA,8,NA,NA,25,2012,0
"1417",2012-11-23,2012-12-26,2012-12-17,2013-04-08,"TSC","eb1b",NA,33,-9,112,136,2012,0
"1418",2012-11-21,2012-11-27,2012-12-20,2012-12-28,"TSC","eb1a",NA,6,23,8,37,2012,0
"1419",2012-11-19,2012-12-05,2012-12-17,2013-01-26,"TSC","eb1a",NA,16,12,40,68,2012,0
"1420",2012-11-13,2012-11-27,2012-12-14,2013-01-23,"TSC","eb1b",NA,14,17,40,71,2012,0
"1421",2012-11-09,NA,2012-11-11,2012-12-09,"TSC","eb1a",NA,NA,NA,28,30,2012,0
"1422",2012-11-01,2012-12-04,2012-12-07,2013-01-10,"TSC","eb1b",NA,33,3,34,70,2012,0
"1423",2012-10-31,2012-12-03,2012-12-26,2012-12-26,"TSC","eb1b",NA,33,23,0,56,2012,0
"1424",2012-10-29,2012-11-14,NA,2012-12-03,"TSC","eb1a",NA,16,NA,NA,35,2012,0
"1425",2012-10-26,2012-12-04,2012-12-21,2012-12-26,"TSC","eb1a",NA,39,17,5,61,2012,0
"1426",2012-10-24,2012-11-06,NA,2012-12-12,"TSC","eb1a",NA,13,NA,NA,49,2012,0
"1427",2012-10-18,2012-11-09,NA,2012-11-26,"TSC","eb1b",NA,22,NA,NA,39,2012,0
"1428",2012-10-18,2012-11-16,NA,2012-12-11,"TSC",NA,NA,29,NA,NA,54,2012,0
"1429",2012-10-12,2012-11-21,NA,2012-12-15,"TSC",NA,NA,40,NA,NA,64,2012,0
"1430",2012-10-11,2012-11-14,NA,2012-12-31,"TSC",NA,NA,34,NA,NA,81,2012,0
"1431",2012-10-09,2012-10-29,NA,2012-11-09,"TSC","eb1b",NA,20,NA,NA,31,2012,0
"1432",2012-10-09,2012-10-31,2012-11-07,2012-12-17,"TSC","eb1b",NA,22,7,40,69,2012,0
"1433",2012-10-03,2012-10-29,NA,2012-12-08,"TSC","eb1a",NA,26,NA,NA,66,2012,0
"1434",2012-09-27,2012-10-24,2012-10-19,2012-12-17,"TSC","eb1a",NA,27,-5,59,81,2012,0
"1435",2012-09-25,2012-11-09,NA,2012-12-10,"TSC","eb1a",NA,45,NA,NA,76,2012,0
"1436",2012-09-25,2012-10-24,2012-10-26,2012-11-29,"TSC",NA,NA,29,2,34,65,2012,0
"1437",2012-09-19,2012-10-04,2012-10-17,2012-10-26,"TSC",NA,NA,15,13,9,37,2012,0
"1438",2012-09-19,NA,NA,2012-11-27,"TSC",NA,NA,NA,NA,NA,69,2012,0
"1439",2012-09-18,2012-10-22,2012-10-05,2012-11-06,"TSC",NA,NA,34,-17,32,49,2012,0
"1440",2012-09-15,2012-11-28,NA,2012-12-21,"TSC",NA,NA,74,NA,NA,97,2012,0
"1441",2012-09-13,2012-10-18,2012-10-22,2012-12-26,"TSC","eb1a",NA,35,4,65,104,2012,0
"1442",2012-09-02,NA,NA,2012-12-14,"TSC","eb1b",NA,NA,NA,NA,103,2012,0
"1443",2012-08-31,2012-09-27,2012-09-27,2012-11-03,"TSC","eb1a",NA,27,0,37,64,2012,0
"1444",2012-08-29,2012-10-17,2012-10-05,2012-11-28,"TSC","eb1a",NA,49,-12,54,91,2012,0
"1445",2012-08-15,2012-09-13,2012-09-12,2013-01-26,"TSC","eb1b",NA,29,-1,136,164,2012,0
"1446",2012-08-07,NA,NA,2013-01-02,"TSC","eb1a",NA,NA,NA,NA,148,2012,0
"1447",2012-08-03,2012-08-23,NA,2012-09-26,"TSC","eb1a",NA,20,NA,NA,54,2012,0
"1448",2012-07-25,2012-08-16,NA,2012-11-08,"TSC","eb1a",NA,22,NA,NA,106,2012,0
"1449",2012-07-24,2012-08-16,2012-08-20,2012-11-03,"","eb1a",NA,23,4,75,102,2012,0
"1450",2012-07-20,2012-08-15,NA,2012-12-14,"TSC","eb1a",NA,26,NA,NA,147,2012,0
"1451",2012-07-13,2012-08-06,NA,2012-10-04,"TSC","eb1a",NA,24,NA,NA,83,2012,0
"1452",2012-07-10,2012-08-09,2012-08-04,2012-11-05,"TSC","eb1a",NA,30,-5,93,118,2012,0
"1453",2012-07-08,2012-08-08,NA,2012-11-01,"","eb1b",NA,31,NA,NA,116,2012,0
"1454",2012-07-07,2012-08-07,NA,2012-11-06,"","eb1a",NA,31,NA,NA,122,2012,0
"1455",2012-07-06,2012-08-07,2012-08-10,2012-12-18,"TSC",NA,NA,32,3,130,165,2012,0
"1456",2012-07-05,2012-08-09,NA,2013-01-02,"","eb1b",NA,35,NA,NA,181,2012,0
"1457",2012-07-03,2012-08-08,2012-08-23,2012-08-23,"TSC","eb1a",NA,36,15,0,51,2012,0
"1458",2012-07-02,2012-07-16,2012-07-27,2012-12-05,"TSC",NA,NA,14,11,131,156,2012,0
"1459",2012-06-29,2012-08-07,2012-08-24,2012-10-16,"TSC","eb1b",NA,39,17,53,109,2012,0
"1460",2012-06-25,2012-07-26,2012-07-21,2012-11-15,"TSC","eb1a",NA,31,-5,117,143,2012,0
"1461",2012-06-21,2012-09-13,NA,2012-10-29,"TSC","eb1a",NA,84,NA,NA,130,2012,0
"1462",2012-06-14,NA,NA,2012-11-07,"",NA,NA,NA,NA,NA,146,2012,0
"1463",2012-06-12,2012-07-23,NA,2012-11-08,"TSC","eb1b",NA,41,NA,NA,149,2012,0
"1464",2012-06-12,2012-07-19,2012-07-12,2012-11-03,"TSC","eb1a",NA,37,-7,114,144,2012,0
"1465",2012-06-07,2012-09-04,2012-07-14,2012-11-09,"TSC","eb1a",NA,89,-52,118,155,2012,0
"1466",2012-06-04,2012-07-11,NA,2012-08-11,"TSC","eb1b",NA,37,NA,NA,68,2012,0
"1467",2012-06-04,NA,NA,2012-10-28,"TSC",NA,NA,NA,NA,NA,146,2012,0
"1468",2012-06-01,NA,NA,2012-11-05,"",NA,NA,NA,NA,NA,157,2012,0
"1469",2012-05-31,NA,2012-06-20,2012-12-21,"TSC","eb1b",NA,NA,NA,184,204,2012,0
"1470",2012-05-29,2012-08-27,2012-06-13,2012-09-26,"TSC","eb1a",NA,90,-75,105,120,2012,0
"1471",2012-05-28,NA,NA,2012-11-07,"",NA,NA,NA,NA,NA,163,2012,0
"1472",2012-05-25,2012-09-18,NA,2012-10-27,"TSC","eb1a",NA,116,NA,NA,155,2012,0
"1473",2012-05-17,2012-06-04,2012-06-04,2012-10-29,"TSC","eb1b",NA,18,0,147,165,2012,0
"1474",2012-05-10,2012-07-18,2012-05-18,2012-08-09,"TSC","eb1b",NA,69,-61,83,91,2012,0
"1475",2012-04-24,2012-06-08,2012-05-12,2012-06-28,"TSC","eb1b",NA,45,-27,47,65,2012,0
"1476",2012-04-24,2012-07-20,2012-05-26,2012-08-10,"TSC","eb1a",NA,87,-55,76,108,2012,0
"1477",2012-04-18,2012-06-22,NA,2012-07-11,"TSC","eb1b",NA,65,NA,NA,84,2012,0
"1478",2012-04-16,2012-05-14,NA,2012-06-15,"TSC","eb1b",NA,28,NA,NA,60,2012,0
"1479",2012-04-12,2012-05-29,NA,2012-06-17,"TSC","eb1b",NA,47,NA,NA,66,2012,0
"1480",2012-04-10,2012-05-21,2012-05-12,2012-06-27,"TSC","eb1a",NA,41,-9,46,78,2012,0
"1481",2012-04-09,2012-05-25,2012-05-18,2012-05-25,"TSC","eb1a",NA,46,-7,7,46,2012,0
"1482",2012-04-09,2012-05-29,2012-06-29,2012-10-25,"TSC","eb1a",NA,50,31,118,199,2012,0
"1483",2012-04-04,2012-05-09,2012-05-12,2012-08-14,"TSC","eb1b",NA,35,3,94,132,2012,0
"1484",2012-03-30,2012-06-05,2012-05-02,2012-06-23,"TSC","eb1a",NA,67,-34,52,85,2012,0
"1485",2012-03-27,2012-05-07,2012-04-21,2012-06-14,"TSC","eb1a",NA,41,-16,54,79,2012,0
"1486",2012-03-23,2012-04-25,2012-04-16,2012-06-22,"TSC","eb1b",NA,33,-9,67,91,2012,0
"1487",2012-03-21,2012-04-24,2012-04-28,2012-06-13,"TSC","eb1a",NA,34,4,46,84,2012,0
"1488",2012-03-09,2012-05-02,2012-04-14,2012-06-18,"TSC","eb1b",NA,54,-18,65,101,2012,0
"1489",2012-03-09,2012-05-14,2012-05-09,2012-07-07,"TSC","eb1a",NA,66,-5,59,120,2012,0
"1490",2012-03-09,NA,NA,2012-06-18,"TSC","eb1a",NA,NA,NA,NA,101,2012,0
"1491",2012-03-07,2012-03-30,2012-04-06,2012-05-11,"TSC","eb1b",NA,23,7,35,65,2012,0
"1493",2012-02-22,2012-03-22,NA,2012-06-12,"TSC","eb1a",NA,29,NA,NA,111,2012,0
"1494",2012-02-09,2012-04-09,2012-03-23,2012-08-04,"TSC","eb1b",NA,60,-17,134,177,2012,0
"1495",2012-02-06,NA,NA,2012-07-18,"TSC","eb1b",NA,NA,NA,NA,163,2012,0
"1496",2012-02-01,2012-03-23,2012-03-28,2012-04-17,"TSC",NA,NA,51,5,20,76,2012,0
"1497",2012-01-31,2012-02-28,2012-02-18,2012-03-22,"TSC","eb1b",NA,28,-10,33,51,2012,0
"1498",2012-01-29,2012-03-05,NA,2012-03-24,"TSC","eb1a",NA,36,NA,NA,55,2012,0
"1499",2012-01-25,2012-02-17,2012-03-03,2012-04-26,"TSC","eb1b",NA,23,15,54,92,2012,0
"1500",2012-01-24,2012-03-23,NA,2012-04-11,"TSC",NA,NA,59,NA,NA,78,2012,0
"1501",2012-01-23,2012-04-11,2012-03-10,2012-06-19,"TSC","eb1a",NA,79,-32,101,148,2012,0
"1502",2012-01-19,2012-02-28,2012-02-24,2012-04-06,"TSC",NA,NA,40,-4,42,78,2012,0
"1503",2012-01-18,2012-03-13,2012-02-28,2012-04-16,"TSC","eb1b",NA,55,-14,48,89,2012,0
"1504",2012-01-18,2012-02-06,2012-02-27,2012-03-29,"TSC","eb1a",NA,19,21,31,71,2012,0
"1505",2012-01-17,2012-03-09,2012-03-05,2012-04-06,"TSC","eb1b",NA,52,-4,32,80,2012,0
"1506",2012-01-10,2012-02-09,2012-02-13,2012-04-06,"TSC","eb1b",NA,30,4,53,87,2012,0
"1507",2012-01-10,2012-02-10,2012-02-25,2012-03-23,"TSC","eb1a",NA,31,15,27,73,2012,0
"1508",2012-01-09,2012-02-16,2012-03-01,2012-03-23,"TSC","eb1b",NA,38,14,22,74,2012,0
"1509",2012-01-09,NA,NA,2012-03-31,"TSC","eb1b",NA,NA,NA,NA,82,2012,0
"1510",2012-01-09,NA,2012-02-15,2012-03-27,"","eb1a",NA,NA,NA,41,78,2012,0
"1511",2012-01-03,2012-02-03,2012-02-09,2012-04-14,"TSC","eb1b",NA,31,6,65,102,2012,0
"1512",2012-01-03,2012-01-25,NA,2012-03-23,"TSC",NA,NA,22,NA,NA,80,2012,0
